query,count
the,105577
sennheiser,98393
nikon,96275
amd,95234
nvidia,95231
adidas chair,94970
hp router,94908
puma mouse,94859
nike bag,94479
lenovo cable,94469
nike power bank,94283
dell headphones,93938
oneplus bottle,93918
corsair wallet,93827
intel chair,93803
nvidia printer,93802
oneplus backpack,93792
nikon tablet,93739
nvidia keyboard,93621
acer wallet,93545
amd cover,93381
microsoft screen protector,93338
razer chair,93213
apple shoes,93166
asus cable,93115
corsair earbuds,92983
nvidia mouse,92886
amazon cable,92883
jbl bag,92827
hp bottle,92743
quality vehicles x,261
administration canon budget,18
asia protocol,4
assistant password,6
pre los,8
excellent fan porn,410
affairs only miles,68
access and,295
primary physical,21
films looked,8
areas tennessee,24
fan excellent,24
fisheries,12
wonderful men,30
finished portfolio,6
city set,118
currency theme band,346
third beyond,21
british p desk,486
reasonable traffic,4
